score,domain,to_email,company,subject,body
84,localloanexperts.com,,CapitalWORKS Funding,Domain idea: localloanexperts.com,"Hi Scott,

I came across CapitalWORKS Funding and thought localloanexperts.com could be a strong fit for a lending, funding, or commercial finance brand.

The name is direct, easy to understand, and tied to people already searching for funding options.

I currently own localloanexperts.com and would be open to selling it for $None.

No pressure either way — just thought it could be useful for a future campaign, landing page, or brand asset.

Thanks,
Aaron"
69,localloanexperts.com,,Hawk Funding Group,Domain idea: localloanexperts.com,"Hi Kirsten,

I came across Hawk Funding Group and thought localloanexperts.com could be a strong fit for a lending, funding, or commercial finance brand.

The name is direct, easy to understand, and tied to people already searching for funding options.

I currently own localloanexperts.com and would be open to selling it for $None.

No pressure either way — just thought it could be useful for a future campaign, landing page, or brand asset.

Thanks,
Aaron"
69,localloanexperts.com,,Marble Bridge Funding Group,Domain idea: localloanexperts.com,"Hi Paul,

I came across Marble Bridge Funding Group and thought localloanexperts.com could be a strong fit for a lending, funding, or commercial finance brand.

The name is direct, easy to understand, and tied to people already searching for funding options.

I currently own localloanexperts.com and would be open to selling it for $None.

No pressure either way — just thought it could be useful for a future campaign, landing page, or brand asset.

Thanks,
Aaron"
69,localloanexperts.com,,"Hana Small Business Lending, Inc.",Domain idea: localloanexperts.com,"Hi Jeanne,

I came across Hana Small Business Lending, Inc. and thought localloanexperts.com could be a strong fit for a lending, funding, or commercial finance brand.

The name is direct, easy to understand, and tied to people already searching for funding options.

I currently own localloanexperts.com and would be open to selling it for $None.

No pressure either way — just thought it could be useful for a future campaign, landing page, or brand asset.

Thanks,
Aaron"
69,localloanexperts.com,,Vertex Lending,Domain idea: localloanexperts.com,"Hi Theresa,

I came across Vertex Lending and thought localloanexperts.com could be a strong fit for a lending, funding, or commercial finance brand.

The name is direct, easy to understand, and tied to people already searching for funding options.

I currently own localloanexperts.com and would be open to selling it for $None.

No pressure either way — just thought it could be useful for a future campaign, landing page, or brand asset.

Thanks,
Aaron"
69,localloanexperts.com,,Stallion Loans,Domain idea: localloanexperts.com,"Hi Robert,

I came across Stallion Loans and thought localloanexperts.com could be a strong fit for a lending, funding, or commercial finance brand.

The name is direct, easy to understand, and tied to people already searching for funding options.

I currently own localloanexperts.com and would be open to selling it for $None.

No pressure either way — just thought it could be useful for a future campaign, landing page, or brand asset.

Thanks,
Aaron"
66,localloanexperts.com,,FundsTiger Private Limited - Business Loans and Personal Funding for ALL!,Domain idea: localloanexperts.com,"Hi Neelam,

I came across FundsTiger Private Limited - Business Loans and Personal Funding for ALL! and thought localloanexperts.com could be a strong fit for a lending, funding, or commercial finance brand.

The name is direct, easy to understand, and tied to people already searching for funding options.

I currently own localloanexperts.com and would be open to selling it for $None.

No pressure either way — just thought it could be useful for a future campaign, landing page, or brand asset.

Thanks,
Aaron"
51,localloanexperts.com,,YELO Funding,Domain idea: localloanexperts.com,"Hi Daniel,

I came across YELO Funding and thought localloanexperts.com could be a strong fit for a lending, funding, or commercial finance brand.

The name is direct, easy to understand, and tied to people already searching for funding options.

I currently own localloanexperts.com and would be open to selling it for $None.

No pressure either way — just thought it could be useful for a future campaign, landing page, or brand asset.

Thanks,
Aaron"
51,localloanexperts.com,,Altura Funding,Domain idea: localloanexperts.com,"Hi Tony,

I came across Altura Funding and thought localloanexperts.com could be a strong fit for a lending, funding, or commercial finance brand.

The name is direct, easy to understand, and tied to people already searching for funding options.

I currently own localloanexperts.com and would be open to selling it for $None.

No pressure either way — just thought it could be useful for a future campaign, landing page, or brand asset.

Thanks,
Aaron"
51,localloanexperts.com,,Serve Funding,Domain idea: localloanexperts.com,"Hi Michael,

I came across Serve Funding and thought localloanexperts.com could be a strong fit for a lending, funding, or commercial finance brand.

The name is direct, easy to understand, and tied to people already searching for funding options.

I currently own localloanexperts.com and would be open to selling it for $None.

No pressure either way — just thought it could be useful for a future campaign, landing page, or brand asset.

Thanks,
Aaron"
51,localloanexperts.com,,Funding U,Domain idea: localloanexperts.com,"Hi Jeannie,

I came across Funding U and thought localloanexperts.com could be a strong fit for a lending, funding, or commercial finance brand.

The name is direct, easy to understand, and tied to people already searching for funding options.

I currently own localloanexperts.com and would be open to selling it for $None.

No pressure either way — just thought it could be useful for a future campaign, landing page, or brand asset.

Thanks,
Aaron"
51,localloanexperts.com,,Funding Xchange,Domain idea: localloanexperts.com,"Hi Katrin,

I came across Funding Xchange and thought localloanexperts.com could be a strong fit for a lending, funding, or commercial finance brand.

The name is direct, easy to understand, and tied to people already searching for funding options.

I currently own localloanexperts.com and would be open to selling it for $None.

No pressure either way — just thought it could be useful for a future campaign, landing page, or brand asset.

Thanks,
Aaron"
51,localloanexperts.com,,Grafton Funding,Domain idea: localloanexperts.com,"Hi Ian,

I came across Grafton Funding and thought localloanexperts.com could be a strong fit for a lending, funding, or commercial finance brand.

The name is direct, easy to understand, and tied to people already searching for funding options.

I currently own localloanexperts.com and would be open to selling it for $None.

No pressure either way — just thought it could be useful for a future campaign, landing page, or brand asset.

Thanks,
Aaron"
51,localloanexperts.com,,Windfall Funding,Domain idea: localloanexperts.com,"Hi Michael,

I came across Windfall Funding and thought localloanexperts.com could be a strong fit for a lending, funding, or commercial finance brand.

The name is direct, easy to understand, and tied to people already searching for funding options.

I currently own localloanexperts.com and would be open to selling it for $None.

No pressure either way — just thought it could be useful for a future campaign, landing page, or brand asset.

Thanks,
Aaron"
51,localloanexperts.com,,Funding Door,Domain idea: localloanexperts.com,"Hi Devang,

I came across Funding Door and thought localloanexperts.com could be a strong fit for a lending, funding, or commercial finance brand.

The name is direct, easy to understand, and tied to people already searching for funding options.

I currently own localloanexperts.com and would be open to selling it for $None.

No pressure either way — just thought it could be useful for a future campaign, landing page, or brand asset.

Thanks,
Aaron"
51,localloanexperts.com,,Funding Hut,Domain idea: localloanexperts.com,"Hi Navdeep,

I came across Funding Hut and thought localloanexperts.com could be a strong fit for a lending, funding, or commercial finance brand.

The name is direct, easy to understand, and tied to people already searching for funding options.

I currently own localloanexperts.com and would be open to selling it for $None.

No pressure either way — just thought it could be useful for a future campaign, landing page, or brand asset.

Thanks,
Aaron"
51,localloanexperts.com,,Silverstream Funding,Domain idea: localloanexperts.com,"Hi Michael,

I came across Silverstream Funding and thought localloanexperts.com could be a strong fit for a lending, funding, or commercial finance brand.

The name is direct, easy to understand, and tied to people already searching for funding options.

I currently own localloanexperts.com and would be open to selling it for $None.

No pressure either way — just thought it could be useful for a future campaign, landing page, or brand asset.

Thanks,
Aaron"
51,localloanexperts.com,,SBG Funding,Domain idea: localloanexperts.com,"Hi Jeffrey,

I came across SBG Funding and thought localloanexperts.com could be a strong fit for a lending, funding, or commercial finance brand.

The name is direct, easy to understand, and tied to people already searching for funding options.

I currently own localloanexperts.com and would be open to selling it for $None.

No pressure either way — just thought it could be useful for a future campaign, landing page, or brand asset.

Thanks,
Aaron"
51,localloanexperts.com,,Funding Wizards,Domain idea: localloanexperts.com,"Hi Michael,

I came across Funding Wizards and thought localloanexperts.com could be a strong fit for a lending, funding, or commercial finance brand.

The name is direct, easy to understand, and tied to people already searching for funding options.

I currently own localloanexperts.com and would be open to selling it for $None.

No pressure either way — just thought it could be useful for a future campaign, landing page, or brand asset.

Thanks,
Aaron"
51,localloanexperts.com,,Quickpay Funding,Domain idea: localloanexperts.com,"Hi Juan,

I came across Quickpay Funding and thought localloanexperts.com could be a strong fit for a lending, funding, or commercial finance brand.

The name is direct, easy to understand, and tied to people already searching for funding options.

I currently own localloanexperts.com and would be open to selling it for $None.

No pressure either way — just thought it could be useful for a future campaign, landing page, or brand asset.

Thanks,
Aaron"
51,localloanexperts.com,,"Centra Funding, LLC",Domain idea: localloanexperts.com,"Hi Lana,

I came across Centra Funding, LLC and thought localloanexperts.com could be a strong fit for a lending, funding, or commercial finance brand.

The name is direct, easy to understand, and tied to people already searching for funding options.

I currently own localloanexperts.com and would be open to selling it for $None.

No pressure either way — just thought it could be useful for a future campaign, landing page, or brand asset.

Thanks,
Aaron"
51,localloanexperts.com,,Simplified Funding,Domain idea: localloanexperts.com,"Hi Pablo,

I came across Simplified Funding and thought localloanexperts.com could be a strong fit for a lending, funding, or commercial finance brand.

The name is direct, easy to understand, and tied to people already searching for funding options.

I currently own localloanexperts.com and would be open to selling it for $None.

No pressure either way — just thought it could be useful for a future campaign, landing page, or brand asset.

Thanks,
Aaron"
51,localloanexperts.com,,Funding Partners,Domain idea: localloanexperts.com,"Hi Bertolot,

I came across Funding Partners and thought localloanexperts.com could be a strong fit for a lending, funding, or commercial finance brand.

The name is direct, easy to understand, and tied to people already searching for funding options.

I currently own localloanexperts.com and would be open to selling it for $None.

No pressure either way — just thought it could be useful for a future campaign, landing page, or brand asset.

Thanks,
Aaron"
51,localloanexperts.com,,Pinnacle Funding,Domain idea: localloanexperts.com,"Hi Alex,

I came across Pinnacle Funding and thought localloanexperts.com could be a strong fit for a lending, funding, or commercial finance brand.

The name is direct, easy to understand, and tied to people already searching for funding options.

I currently own localloanexperts.com and would be open to selling it for $None.

No pressure either way — just thought it could be useful for a future campaign, landing page, or brand asset.

Thanks,
Aaron"
51,localloanexperts.com,,NFM Lending,Domain idea: localloanexperts.com,"Hi Mike,

I came across NFM Lending and thought localloanexperts.com could be a strong fit for a lending, funding, or commercial finance brand.

The name is direct, easy to understand, and tied to people already searching for funding options.

I currently own localloanexperts.com and would be open to selling it for $None.

No pressure either way — just thought it could be useful for a future campaign, landing page, or brand asset.

Thanks,
Aaron"
51,localloanexperts.com,,Morpheus Lending,Domain idea: localloanexperts.com,"Hi Matt,

I came across Morpheus Lending and thought localloanexperts.com could be a strong fit for a lending, funding, or commercial finance brand.

The name is direct, easy to understand, and tied to people already searching for funding options.

I currently own localloanexperts.com and would be open to selling it for $None.

No pressure either way — just thought it could be useful for a future campaign, landing page, or brand asset.

Thanks,
Aaron"
51,localloanexperts.com,,Integrity Lending,Domain idea: localloanexperts.com,"Hi Stephen,

I came across Integrity Lending and thought localloanexperts.com could be a strong fit for a lending, funding, or commercial finance brand.

The name is direct, easy to understand, and tied to people already searching for funding options.

I currently own localloanexperts.com and would be open to selling it for $None.

No pressure either way — just thought it could be useful for a future campaign, landing page, or brand asset.

Thanks,
Aaron"
51,localloanexperts.com,,Pair Lending,Domain idea: localloanexperts.com,"Hi Daniel,

I came across Pair Lending and thought localloanexperts.com could be a strong fit for a lending, funding, or commercial finance brand.

The name is direct, easy to understand, and tied to people already searching for funding options.

I currently own localloanexperts.com and would be open to selling it for $None.

No pressure either way — just thought it could be useful for a future campaign, landing page, or brand asset.

Thanks,
Aaron"
51,localloanexperts.com,,Evoque Lending,Domain idea: localloanexperts.com,"Hi Eddie,

I came across Evoque Lending and thought localloanexperts.com could be a strong fit for a lending, funding, or commercial finance brand.

The name is direct, easy to understand, and tied to people already searching for funding options.

I currently own localloanexperts.com and would be open to selling it for $None.

No pressure either way — just thought it could be useful for a future campaign, landing page, or brand asset.

Thanks,
Aaron"
51,localloanexperts.com,,Promeritum Lending,Domain idea: localloanexperts.com,"Hi Tim,

I came across Promeritum Lending and thought localloanexperts.com could be a strong fit for a lending, funding, or commercial finance brand.

The name is direct, easy to understand, and tied to people already searching for funding options.

I currently own localloanexperts.com and would be open to selling it for $None.

No pressure either way — just thought it could be useful for a future campaign, landing page, or brand asset.

Thanks,
Aaron"
51,localloanexperts.com,,Lending Labs,Domain idea: localloanexperts.com,"Hi Anand,

I came across Lending Labs and thought localloanexperts.com could be a strong fit for a lending, funding, or commercial finance brand.

The name is direct, easy to understand, and tied to people already searching for funding options.

I currently own localloanexperts.com and would be open to selling it for $None.

No pressure either way — just thought it could be useful for a future campaign, landing page, or brand asset.

Thanks,
Aaron"
51,localloanexperts.com,,Fulcrum Lending,Domain idea: localloanexperts.com,"Hi Maxwell,

I came across Fulcrum Lending and thought localloanexperts.com could be a strong fit for a lending, funding, or commercial finance brand.

The name is direct, easy to understand, and tied to people already searching for funding options.

I currently own localloanexperts.com and would be open to selling it for $None.

No pressure either way — just thought it could be useful for a future campaign, landing page, or brand asset.

Thanks,
Aaron"
51,localloanexperts.com,,Solventa Lending,Domain idea: localloanexperts.com,"Hi Hernan,

I came across Solventa Lending and thought localloanexperts.com could be a strong fit for a lending, funding, or commercial finance brand.

The name is direct, easy to understand, and tied to people already searching for funding options.

I currently own localloanexperts.com and would be open to selling it for $None.

No pressure either way — just thought it could be useful for a future campaign, landing page, or brand asset.

Thanks,
Aaron"
51,localloanexperts.com,,AdvantageFirst Lending,Domain idea: localloanexperts.com,"Hi Kurt,

I came across AdvantageFirst Lending and thought localloanexperts.com could be a strong fit for a lending, funding, or commercial finance brand.

The name is direct, easy to understand, and tied to people already searching for funding options.

I currently own localloanexperts.com and would be open to selling it for $None.

No pressure either way — just thought it could be useful for a future campaign, landing page, or brand asset.

Thanks,
Aaron"
51,localloanexperts.com,,Lending Hat,Domain idea: localloanexperts.com,"Hi Tanner,

I came across Lending Hat and thought localloanexperts.com could be a strong fit for a lending, funding, or commercial finance brand.

The name is direct, easy to understand, and tied to people already searching for funding options.

I currently own localloanexperts.com and would be open to selling it for $None.

No pressure either way — just thought it could be useful for a future campaign, landing page, or brand asset.

Thanks,
Aaron"
51,localloanexperts.com,,Lending Katalyst,Domain idea: localloanexperts.com,"Hi John,

I came across Lending Katalyst and thought localloanexperts.com could be a strong fit for a lending, funding, or commercial finance brand.

The name is direct, easy to understand, and tied to people already searching for funding options.

I currently own localloanexperts.com and would be open to selling it for $None.

No pressure either way — just thought it could be useful for a future campaign, landing page, or brand asset.

Thanks,
Aaron"
51,localloanexperts.com,,Growth Lending,Domain idea: localloanexperts.com,"Hi Lance,

I came across Growth Lending and thought localloanexperts.com could be a strong fit for a lending, funding, or commercial finance brand.

The name is direct, easy to understand, and tied to people already searching for funding options.

I currently own localloanexperts.com and would be open to selling it for $None.

No pressure either way — just thought it could be useful for a future campaign, landing page, or brand asset.

Thanks,
Aaron"
51,localloanexperts.com,,Plus Lending,Domain idea: localloanexperts.com,"Hi Marcos,

I came across Plus Lending and thought localloanexperts.com could be a strong fit for a lending, funding, or commercial finance brand.

The name is direct, easy to understand, and tied to people already searching for funding options.

I currently own localloanexperts.com and would be open to selling it for $None.

No pressure either way — just thought it could be useful for a future campaign, landing page, or brand asset.

Thanks,
Aaron"
51,localloanexperts.com,,Rizz Lending,Domain idea: localloanexperts.com,"Hi Brad,

I came across Rizz Lending and thought localloanexperts.com could be a strong fit for a lending, funding, or commercial finance brand.

The name is direct, easy to understand, and tied to people already searching for funding options.

I currently own localloanexperts.com and would be open to selling it for $None.

No pressure either way — just thought it could be useful for a future campaign, landing page, or brand asset.

Thanks,
Aaron"
51,localloanexperts.com,,Simplified Lending,Domain idea: localloanexperts.com,"Hi Robert,

I came across Simplified Lending and thought localloanexperts.com could be a strong fit for a lending, funding, or commercial finance brand.

The name is direct, easy to understand, and tied to people already searching for funding options.

I currently own localloanexperts.com and would be open to selling it for $None.

No pressure either way — just thought it could be useful for a future campaign, landing page, or brand asset.

Thanks,
Aaron"
51,localloanexperts.com,,HomeTown Lending,Domain idea: localloanexperts.com,"Hi Aryan,

I came across HomeTown Lending and thought localloanexperts.com could be a strong fit for a lending, funding, or commercial finance brand.

The name is direct, easy to understand, and tied to people already searching for funding options.

I currently own localloanexperts.com and would be open to selling it for $None.

No pressure either way — just thought it could be useful for a future campaign, landing page, or brand asset.

Thanks,
Aaron"
51,localloanexperts.com,,RSR Lending,Domain idea: localloanexperts.com,"Hi Richard,

I came across RSR Lending and thought localloanexperts.com could be a strong fit for a lending, funding, or commercial finance brand.

The name is direct, easy to understand, and tied to people already searching for funding options.

I currently own localloanexperts.com and would be open to selling it for $None.

No pressure either way — just thought it could be useful for a future campaign, landing page, or brand asset.

Thanks,
Aaron"
51,localloanexperts.com,,First Bank Home Loans,Domain idea: localloanexperts.com,"Hi Lauren,

I came across First Bank Home Loans and thought localloanexperts.com could be a strong fit for a lending, funding, or commercial finance brand.

The name is direct, easy to understand, and tied to people already searching for funding options.

I currently own localloanexperts.com and would be open to selling it for $None.

No pressure either way — just thought it could be useful for a future campaign, landing page, or brand asset.

Thanks,
Aaron"
51,localloanexperts.com,,Best Business Loans. BestBusinessLoans.com,Domain idea: localloanexperts.com,"Hi Ashley,

I came across Best Business Loans. BestBusinessLoans.com and thought localloanexperts.com could be a strong fit for a lending, funding, or commercial finance brand.

The name is direct, easy to understand, and tied to people already searching for funding options.

I currently own localloanexperts.com and would be open to selling it for $None.

No pressure either way — just thought it could be useful for a future campaign, landing page, or brand asset.

Thanks,
Aaron"
51,localloanexperts.com,,Z Loans,Domain idea: localloanexperts.com,"Hi Fernando,

I came across Z Loans and thought localloanexperts.com could be a strong fit for a lending, funding, or commercial finance brand.

The name is direct, easy to understand, and tied to people already searching for funding options.

I currently own localloanexperts.com and would be open to selling it for $None.

No pressure either way — just thought it could be useful for a future campaign, landing page, or brand asset.

Thanks,
Aaron"
51,localloanexperts.com,,Arden Loans,Domain idea: localloanexperts.com,"Hi El,

I came across Arden Loans and thought localloanexperts.com could be a strong fit for a lending, funding, or commercial finance brand.

The name is direct, easy to understand, and tied to people already searching for funding options.

I currently own localloanexperts.com and would be open to selling it for $None.

No pressure either way — just thought it could be useful for a future campaign, landing page, or brand asset.

Thanks,
Aaron"
51,localloanexperts.com,,Diamond Business Loans,Domain idea: localloanexperts.com,"Hi Jonathan,

I came across Diamond Business Loans and thought localloanexperts.com could be a strong fit for a lending, funding, or commercial finance brand.

The name is direct, easy to understand, and tied to people already searching for funding options.

I currently own localloanexperts.com and would be open to selling it for $None.

No pressure either way — just thought it could be useful for a future campaign, landing page, or brand asset.

Thanks,
Aaron"
51,localloanexperts.com,,LMC Home Loans,Domain idea: localloanexperts.com,"Hi Sally,

I came across LMC Home Loans and thought localloanexperts.com could be a strong fit for a lending, funding, or commercial finance brand.

The name is direct, easy to understand, and tied to people already searching for funding options.

I currently own localloanexperts.com and would be open to selling it for $None.

No pressure either way — just thought it could be useful for a future campaign, landing page, or brand asset.

Thanks,
Aaron"
51,localloanexperts.com,,EMM Loans LLC,Domain idea: localloanexperts.com,"Hi Sam,

I came across EMM Loans LLC and thought localloanexperts.com could be a strong fit for a lending, funding, or commercial finance brand.

The name is direct, easy to understand, and tied to people already searching for funding options.

I currently own localloanexperts.com and would be open to selling it for $None.

No pressure either way — just thought it could be useful for a future campaign, landing page, or brand asset.

Thanks,
Aaron"
51,localloanexperts.com,,Renaissance Home Loans,Domain idea: localloanexperts.com,"Hi Tom,

I came across Renaissance Home Loans and thought localloanexperts.com could be a strong fit for a lending, funding, or commercial finance brand.

The name is direct, easy to understand, and tied to people already searching for funding options.

I currently own localloanexperts.com and would be open to selling it for $None.

No pressure either way — just thought it could be useful for a future campaign, landing page, or brand asset.

Thanks,
Aaron"
